Plan Title,Program Length,Monthly Fee,Debt Minimum,Reviews
Money Management International,No minimum,No minimum,No minimum,Read reviews
"GreenPath Financial Wellness
                            

                            
                                Authorized Partner",No minimum,No minimum,No minimum,Read reviews
Apprisen,No minimum,No minimum,No minimum,Read reviews
InCharge Debt Solutions,No minimum,No minimum,No minimum,Read reviews
Debt Management Credit Counseling Corp.,No minimum,No minimum,No minimum,Read reviews
"Consumer Education Services, Inc.",No minimum,No minimum,No minimum,Read reviews
